row_type,user_agent,ip_address,user_id,session,session_long,session_seq,session_long_seq,server_date,server_date_day,user_date,country_code,city_id,trackpage,eventname,category_id,cat_l1_id,cat_l2_id,cat_l3_id,listing_type,keyword,page_nb,result_count,page_count,ad_impressions,ad_id,ad_photo,is_silent,push_id,app_version,ios_version,device_token,google_ad_id,ninja_version,ad_price,action_type,item_condition,user_status,ad_position,ad_reason,listing_format,hit_type,touch_point_page,touch_point_button,mon_order_id,mon_payment_method,mon_gross_revenue,mon_feature_id,mon_feature_code,mon_feature_type,mon_feature_gross_revenue,mon_if_price_test,filters_count,gps_approval,distance_filt,price_currency,ad_featured,partner_code,business_status,seller_id,district_id,filters,language,region_id,related_ad_reason,multidomain_session_long,order_by,delivery_visibility,sell_with_delivery,filter_delivery,debug_mode,change_source,search_id,server_path,platform_type,accept_cookies,adpage_type,ab_test,filter_sorting,cat_position,vaspoints_active,vaspoints_enabled,mv,test_name,test_variation,lf_visibility,chat_id,promoted_ad_impressions,invite_campaign,invite_source,invite_tracking_date,price_from,price_to,filters_values,f_quantity,inserted_at_utc,dark_mode,seller_type,poster_type,conversation_id,has_score,shop_id,shop_subdomain,if_look_for_description,package_size,package_weight,selected_provider,seller_score,search_sources,search_reason,if_look_for_deliveries,user_data_remember,error_type,service_fee,cat_l4_id,posting_id,if_look_for_restored,if_look_for_popular,if_look_for_autocomplete,user_trading_type,buyer_delivery,take_rate_visibility,received_feedback,cv_attached,profile_attached,num_attachments,times_favourite,flag_definition,part,employer_segment,ad_reason_ad_id,ad_reason_recommended_items,ad_reason_recommended_items_scores,discount_visibility,f_discount_id,f_discounted_feature_type,price_before_discount,vas_flow,num_listing_atts,listing_atts,recommendation_type,check_in_date,check_out_date,platform,rewards_redeem_type,rewards_points_balance,rewards_free_deliveries_balance,rewards_free_deliveries_total,rewards_join_source,siren_id,booking_request_id,booking_id,purchase_order_id,banner_cta_content_name,recommendation_sources,document_type,nav_referrer,screen_name,candidate_score,consent,app_state,category_filters,category_filters_count,category_filters_values,category_filters_values_count,vaser_type,product_name,business_card_values,value,question,request_id,ads_id,cnt_ad_locations,sales_order_id
keyword_search,OLX.uz/0 CFNetwork/3860.700.1 Darwin/25.6.0,30e25a75088ded54e907a00b991caca535c0de60c04027bfffe6b08f4a3ab41b,,1a01ed45953xaee65c54                ,178034c0983x72d82e00                ,23,2442,1787223660,2026-08-20,1787223655676,UZ,,listing,,0,,,,,porsche taycan,1.0,19.0,2.0,"[65109816,65122437,65350949,65553208,65074064,63056244,65292094,65292153,63317539,59304027]",,,,,4.127.1,26.6,,,2.21.1,,listing,all,unlogged,[1:10],,,navigation,listing,,,,,,,,,,1.0,true,,UYE,,,,,,[currency],OZ,,,178034c164fx3d4dc78c                ,relevance:desc,,,,f,,8627D7729BB977B9BA47114EFFA7FDE4,/h/ios-cee,,,,,,,,,1.0.1163,,,,,[],,,,,,[UYE],,2026-08-20 12:46:49,f,all,,,,,,,,,,,"[search|organic,search|organic,search|organic,search|organic,search|organic,search|organic,search|organic,search|organic,search|organic,search|organic]",,,,,,,,false,,false,,,,,,,,,,,,,,,,,,,,,,,,,iOS,,,,,,,,,,,,,,,,,0,,0.0,,0.0,,,,,,,,,
navigation_browse,OLX.uz/0 CFNetwork/3860.700.1 Darwin/25.6.0,b53068b6654d7c72ac690d18876f124e4f789ea4cd234dbd1943b8a1ef196621,520549594.0,1a01ed0227dx67df8760                ,17db96827bexe384e88e                ,6,3034,1787223377,2026-08-20,1787223354526,UZ,,listing,,647,899,641,647,,,1.0,1000.0,100.0,"[53573445,56666035,57699991,56696721,59670809,59670736,62859551,53369724,63797083,55628223]",,,,,4.127.1,26.6,,,2.21.1,,listing,all,logged,[1:10],,,navigation,listing,,,,,,,,,,1.0,true,,,,,private,,,[category_id],RU,,,17db968f7e7xaffc0c1f                ,relevance:desc,,,,f,,C09937BB97BF314EC8E2E4A92740483A,/h/ios-cee,,,,,,,,,1.0.1162,,,,,"[53573445,56666035,57699991,56696721,59670809,59670736,62859551,53369724,63797083,55628223]",,,,,,[647],,2026-08-20 12:46:49,f,all,,,,,,,,,,,"[search|organic,search|organic,search|organic,search|organic,search|organic,search|organic,search|organic,search|organic,search|organic,search|organic]",,,,,,,,false,,false,,,,,,,,,,,,,,,,,,,,,,,,,iOS,,,,,,,,,,,,,,,,,0,,0.0,,0.0,,,,,,,,,
keyword_search,OLX.uz/0 CFNetwork/3860.700.1 Darwin/25.6.0,30e25a75088ded54e907a00b991caca535c0de60c04027bfffe6b08f4a3ab41b,,1a01ed45953xaee65c54                ,178034c0983x72d82e00                ,21,2442,1787223660,2026-08-20,1787223643842,UZ,,listing,,0,,,,,porsche taycan,1.0,22.0,3.0,"[65109816,65122437,65350949,65553208,65074064,63056244,65292094,65292153,63317539,59304027]",,,,,4.127.1,26.6,,,2.21.1,,listing,all,unlogged,[1:10],,,navigation,filter_page,,,,,,,,,,1.0,true,,UYE,,,,,,[currency],OZ,,,178034c164fx3d4dc78c                ,relevance:desc,,,,f,,8627D7729BB977B9BA47114EFFA7FDE4,/h/ios-cee,,,,,,,,,1.0.1163,,,,,[],,,,,,[UYE],,2026-08-20 12:46:49,f,all,,,,,,,,,,,"[search|organic,search|organic,search|organic,search|organic,search|organic,search|organic,search|organic,search|organic,search|organic,search|organic]",,,,,,,,false,,false,,,,,,,,,,,,,,,,,,,,,,,,,iOS,,,,,,,,,,,,,,,,,0,,0.0,,0.0,,,,,,,,,
favourite_ad_click,OLX.uz/0 CFNetwork/3860.400.51 Darwin/25.3.0,9cbd0afb798bfa6c46c553fd631f1d6d1b9c4c593a245200d3e08d11a9a1b077,60812435.0,1a01eb576ffx2512c1f5                ,190d5c9d9b2xb6b2ce1d                ,158,3280,1787222033,2026-08-20,1787222033788,UZ,4.0,,favourite_ad_click,1023,3,108,1023,,elantra,,,,,65781436.0,4.0,,,4.127.1,26.3,,4A5ED0D4-A0E1-4717-BB3A-4D4464B0861F,2.21.1,15500.0,favourite_ad_click,,logged,,,,,ad_page,listing,,,,,,,,,,true,,UYE,[bundle_optimum],,private,1388965.0,12,,RU,5,,190d5ca5214x6a441cf0                ,relevance:desc,,false,,f,,6E506D6DC9F6E1A6EAE956900A174E19,/h/ios-cee,,,standard,,,,,,1.0.1162,,,,,,,,,,,,,2026-08-20 12:46:49,f,,,,,,,,,,,,,search|promoted,,,,,,,0,,0,<null>,,,,,,,,,,,,,,,,,,,11.0,"[""model"",""price"",""car_body"",""terms_of_sale"",""motor_year"",""motor_mileage"",""transmission_type"",""color"",""motor_engine_size"",""fuel_type"",""condition""]",,,,iOS,,,,,,,,,,,,,,,,,0,,,,,,,,,,,,,
keyword_search,OLX.uz/0 CFNetwork/3826.600.41.2.1 Darwin/24.6.0,bc363fb2b26eef3087ea3e8925498953e82624be27887fd940b7edbefbb64a47,470037290.0,1a01ed39e6ex71897f61                ,17f93c36bd8x9907acb8                ,10,2223,1787223594,2026-08-20,1787223592258,UZ,4.0,listing,,330,1,1515,330,,аренда участок,1.0,30.0,3.0,"[65626938,65513729,21889514,58701907,65508240,65750877,65587967,58839047,65498229,61492349]",,,,,4.127.1,18.7.8,,51893994-2119-4B5A-81B7-EAC69D0467E6,2.21.1,,listing,all,logged,[1:10],,,navigation,my_observed_searches,,,,,,,,,,5.0,true,0.0,UYE,,,normal,,,"[category_id,city_id,currency,price,total_floors]",RU,5,,17f93c3d460xef78e310                ,created_at:desc,,,,f,,9FA0EEBE039300AFD3EA786AF157102B,/h/ios-cee,,,,,,,,,1.0.1162,,,,,[],,,,,500.0,"[330,4,UYE,:500,:500]",,2026-08-20 12:46:49,f,all,,,,,,,,,,,"[search|organic,search|organic,search|organic,search|organic,search|organic,search|organic,search|organic,search|organic,search|organic,search|organic]",,,,,,,,false,,false,,,,,,,,,,,,,,,,,,,,,,,,,iOS,,,,,,,,,,,,,,,,,0,[total_floors],1.0,[:500],1.0,,,,,,,,,
zero_result_search,OLX.uz/19422 CFNetwork/3860.700.1 Darwin/25.6.0,438be15bdb44ab64be45de94baf7d631bae695edc5affdaa36e397e2e8182cfe,,1a01e1afa1dx8fbf65f5                ,189a84cbfb6xfac1ca7                 ,26,602,1787211513,2026-08-20,1787211490015,UZ,,listing,,6,6,,,,modellikka ishga olamiz,1.0,0.0,0.0,"[65468235,65669345,64551535]",,,,,4.117.0,26.6,,,2.18.2,,listing,all,unlogged,[1:3],,,navigation,listing,,,,,,,,,,1.0,true,,,,,,,,[category_id],RU,,,189b453e742xdefbd8ee                ,filter_float_salary_to:desc,,,,f,,,/h/ios-cee,,,,,,,,,1.0.1163,,,,,[64551535],,,,,,[6],,2026-08-20 09:12:13,f,all,,,,,,,,,,,"[search|promoted,search|promoted,search|promoted]",,,,,,,,false,,false,,,,,,,,,,,,,,,,,,,,,,,,,iOS,,,,,,,,,,,,,,,,,0,,0.0,,0.0,,,,,,,,,
keyword_search,OLX.uz/0 CFNetwork/3860.700.1 Darwin/25.6.0,41953aaeceb5b9bd255383a45d2c827d867f6b914955cb066103853055c94971,152486.0,1a01f08a22fx55b9b70                 ,16e7f51db39x10671a84                ,32,4579,1787227096,2026-08-20,1787227088263,UZ,,listing,,0,,,,,Ps4,1.0,1000.0,100.0,"[30369594,61260650,51732790,65779897,65770179,65781912,61796567,42554115,65381344,65385773]",,,,,4.127.1,26.6,,5911E0E4-C9B5-4DE8-BE68-DE6E6C604DEF,2.21.1,,listing,all,logged,[1:10],,,navigation,listing_home,,,,,,,,,,0.0,true,,,,,normal,,,,RU,,,16e7f52567cxd12c49fc                ,relevance:desc,,,,f,,DEE18AEB757755710BF1ED3F075F15F2,/h/ios-cee,,,,,,,,,1.0.1162,,,,,"[30369594,61260650,51732790,42554115,65381344]",,,,,,,,2026-08-20 12:46:49,f,all,,,,,,,,,,,"[search|promoted,search|promoted,search|promoted,search|organic,search|organic,search|organic,search|organic,search|organic,search|organic,search|organic]",,,,,,,,false,,false,,,,,,,,,,,,,,,,,,,,,,,,,iOS,,,,,,,,,,,,,,,,,0,,0.0,,0.0,,,,,,,,,
navigation_browse,OLX.uz/0 CFNetwork/1568.200.51 Darwin/24.1.0,1c37a073e8f02dd1c700321ad86895b77f48a8e497291f87c2a6c718e13bed09,14858800.0,1a01eb5818ex404cb91d                ,17f09ad28f4xba82bf2                 ,13,4130,1787221638,2026-08-20,1787221616082,UZ,,listing,,1,1,,,,,1.0,1000.0,100.0,"[65493190,37471417,65752557,62106109,65720383,65628543,64570549,65532607,65093254,65777058]",,,,,4.127.1,18.1,,,2.21.1,,listing,all,logged,[1:10],,,navigation,listing_home,,,,,,,,,,1.0,true,,,,,normal,,,[category_id],OZ,,,17f09ada13ax4623fd81                ,relevance:desc,,,,f,,ACD2A9266EFDB4C3CFF876B5B70B6C86,/h/ios-cee,,,,,,,,,1.0.1162,,,,,"[65493190,37471417,65752557,65720383,65532607]",,,,,,[1],,2026-08-20 12:46:49,f,all,,,,,,,,,,,"[search|promoted,search|promoted,search|promoted,search|organic,search|organic,search|organic,search|organic,search|organic,search|organic,search|organic]",,,,,,,,false,,false,,,,,,,,,,,,,,,,,,,,,,,,,iOS,,,,,,,,,,,,,,,,,0,,0.0,,0.0,,,,,,,,,
navigation_browse,OLX.uz/0 CFNetwork/3860.600.12 Darwin/25.5.0,c2ca98d344541a77f37625e0e14a55f4702a46ab5385348db94f4f79b3080c10,3812864.0,1a01ec0e8a3xdac1f0f4                ,18823e93cbfxc3ed682b                ,14,2734,1787222384,2026-08-20,1787222358164,UZ,,listing,,1,1,,,,,1.0,1000.0,100.0,"[41068931,55450331,65748810,65081363,65788986,61837971,65545531,59349788,59990410,58177357]",,,,,4.127.1,26.5,,6E98E4EE-B26A-40EA-A9DC-21EA3A30CF7E,2.21.1,,listing,all,logged,[1:10],,,navigation,listing_home,,,,,,,,,,1.0,true,,,,,normal,,,[category_id],RU,,,18823e9b5bfxcb67fc2b                ,relevance:desc,,,,f,,ACD2A9266EFDB4C3CFF876B5B70B6C86,/h/ios-cee,,,,,,,,,1.0.1162,,,,,"[41068931,55450331,65748810]",,,,,,[1],,2026-08-20 12:46:49,f,all,,,,,,,,,,,"[search|promoted,search|promoted,search|promoted,search|organic,search|organic,search|organic,search|organic,search|organic,search|organic,search|organic]",,,,,,,,false,,false,,,,,,,,,,,,,,,,,,,,,,,,,iOS,,,,,,,,,,,,,,,,,0,,0.0,,0.0,,,,,,,,,
ad_click,OLX.uz/0 CFNetwork/3860.600.12 Darwin/25.5.0,0c5c2dfa33f1ce1f7bb42dc8eba6efb8e77eb123bfc110d3f438ed4445a8ab7f,,1a01e9e910fx3c620500                ,1707172a640x6abb2395                ,13,850,1787220326,2026-08-20,1787220325289,UZ,4.0,,ad_click,1555,3,108,1555,,Byd Xan,1.0,155.0,16.0,"[63500452,64447160,63863531,64347821,65695496,65150758,64346246,65541395,64710212,65572783]",65695496.0,2.0,,,4.127.1,26.5.2,,A2A19EF5-F703-4D53-91E0-A697024CF775,2.21.1,29800.0,ad_click,,unlogged,1,,,,listing,,,,,,,,,,1.0,true,,UYE,,,,84213200.0,12,[currency],RU,5,,1707173222cx179b8095                ,relevance:desc,,false,,f,,346651A8666725B8751F55BFA01D4281,/h/ios-cee,,,,,,,,,1.0.1162,,,,,"[63500452,64447160]",,,,,,[UYE],,2026-08-20 12:46:49,f,all,,,,,,,,,,,"[search|promoted,search|promoted,search|promoted,search|organic,search|organic,search|organic,search|organic,search|organic,search|organic,search|organic]",search|organic,,,,,,,false,,false,,,,,,,,,,,,,,,,,,,,11.0,"[""model"",""price"",""car_body"",""motor_year"",""motor_mileage"",""transmission_type"",""color"",""motor_engine_size"",""fuel_type"",""condition"",""owners""]",,,,iOS,,,,,,,,,,,,,,,,,0,,0.0,,0.0,,,,,,,,,
ad_click,OLX.uz/0 CFNetwork/3860.600.12 Darwin/25.5.0,0c5c2dfa33f1ce1f7bb42dc8eba6efb8e77eb123bfc110d3f438ed4445a8ab7f,,1a01e9e910fx3c620500                ,1707172a640x6abb2395                ,17,850,1787220340,2026-08-20,1787220339991,UZ,4.0,,ad_click,1555,3,108,1555,,Byd Xan,2.0,155.0,16.0,"[65352598,55529137,65679844,63828925,63680764,64406038,65752303,58254525,63989375,65216692]",65572783.0,8.0,,,4.127.1,26.5.2,,A2A19EF5-F703-4D53-91E0-A697024CF775,2.21.1,27800.0,ad_click,,unlogged,6,,,,listing,,,,,,,,,,1.0,true,,UYE,,,,145455305.0,12,[currency],RU,5,,1707173222cx179b8095                ,relevance:desc,,false,,f,,346651A8666725B8751F55BFA01D4281,/h/ios-cee,,,,,,,,,1.0.1162,,,,,"[63828925,63680764,64406038]",,,,,,[UYE],,2026-08-20 12:46:49,f,all,,,,,,,,,,,"[search|organic,search|organic,search|organic,search|promoted,search|promoted,search|promoted,search|organic,search|organic,search|organic,search|organic]",search|organic,,,,,,,false,,false,,,,,,,,,,,,,,,,,,,,13.0,"[""model"",""price"",""car_body"",""terms_of_sale"",""motor_year"",""motor_mileage"",""transmission_type"",""color"",""motor_engine_size"",""fuel_type"",""condition"",""owners"",""car_option""]",,,,iOS,,,,,,,,,,,,,,,,,0,,0.0,,0.0,,,,,,,,,
ad_click,OLX.uz/0 CFNetwork/3860.600.12 Darwin/25.5.0,0c5c2dfa33f1ce1f7bb42dc8eba6efb8e77eb123bfc110d3f438ed4445a8ab7f,,1a01e9e910fx3c620500                ,1707172a640x6abb2395                ,23,850,1787220349,2026-08-20,1787220349868,UZ,195.0,,ad_click,1555,3,108,1555,,Byd Xan,2.0,155.0,16.0,"[65352598,55529137,65679844,63828925,63680764,64406038,65752303,58254525,63989375,65216692]",58254525.0,7.0,,,4.127.1,26.5.2,,A2A19EF5-F703-4D53-91E0-A697024CF775,2.21.1,32000.0,ad_click,,unlogged,11,,,,ad_page,,,,,,,,,,1.0,true,,UYE,,,,23372945.0,,[currency],RU,37,,1707173222cx179b8095                ,relevance:desc,,false,,f,,346651A8666725B8751F55BFA01D4281,/h/ios-cee,,,,,,,,,1.0.1162,,,,,"[63828925,63680764,64406038]",,,,,,[UYE],,2026-08-20 12:46:49,f,all,,,,,,,,,,,"[search|organic,search|organic,search|organic,search|promoted,search|promoted,search|promoted,search|organic,search|organic,search|organic,search|organic]",search|organic,,,,,,,false,,false,,,,,,,,,,,,,,,,,,,,13.0,"[""model"",""price"",""car_body"",""terms_of_sale"",""motor_year"",""motor_mileage"",""transmission_type"",""color"",""motor_engine_size"",""fuel_type"",""condition"",""owners"",""car_option""]",,,,iOS,,,,,,,,,,,,,,,,,0,,0.0,,0.0,,,,,,,,,
keyword_search,OLX.uz/0 CFNetwork/3826.600.41.2.1 Darwin/24.6.0,bc363fb2b26eef3087ea3e8925498953e82624be27887fd940b7edbefbb64a47,470037290.0,1a01ed39e6ex71897f61                ,17f93c36bd8x9907acb8                ,8,2223,1787223594,2026-08-20,1787223585732,UZ,,listing,,0,,,,,Аренда карасу,1.0,153.0,16.0,"[65785472,65783532,65760499,65655529,65382138,65543861,55755078,65626938,65681528,65677931]",,,,,4.127.1,18.7.8,,51893994-2119-4B5A-81B7-EAC69D0467E6,2.21.1,,listing,all,logged,[1:10],,,navigation,my_observed_searches,,,,,,,,,,2.0,true,,UYE,,,normal,,,"[currency,price]",RU,,,17f93c3d460xef78e310                ,created_at:desc,,,,f,,8ED931072C9AD5813F8F2EB947BAA6EA,/h/ios-cee,,,,,,,,,1.0.1162,,,,,"[65655529,65382138]",,,,,600.0,"[UYE,:600]",,2026-08-20 12:46:49,f,all,,,,,,,,,,,"[search|organic,search|organic,search|organic,search|promoted,search|promoted,search|organic,search|organic,search|organic,search|organic,search|organic]",,,,,,,,false,,false,,,,,,,,,,,,,,,,,,,,,,,,,iOS,,,,,,,,,,,,,,,,,0,,0.0,,0.0,,,,,,,,,
low_supply_search,OLX.uz/0 CFNetwork/3826.600.41.2.1 Darwin/24.6.0,776066352ad5aaaf2b184fe5cb1f2aaaa367eef41b37fcce2de9ea0bfc1a6e45,36480327.0,1a01ebdc37fxbcf14aa3                ,17bb064762bx4b55c248                ,18,3259,1787222178,2026-08-20,1787222176721,UZ,,listing,,0,,,,,Hp keyboard 650,1.0,3.0,1.0,"[61051187,65026714,51425518]",,,,,4.127.1,18.7.8,,EF5DA44F-F181-47CE-A6F6-B39804B7020A,2.21.1,,listing,all,logged,[1:3],,,navigation,listing,,,,,,,,,,0.0,true,,,,,private,,,,RU,,,17bb064efc3xf1cb4577                ,relevance:desc,,,,f,,6F62101956B399672ED2D1765FC19499,/h/ios-cee,,,,,,,,,1.0.1162,,,,,[],,,,,,,,2026-08-20 12:46:49,f,all,,,,,,,,,,,"[search|organic,search|organic,search|organic]",,,,,,,,false,,false,,,,,,,,,,,,,,,,,,,,,,,,,iOS,,,,,,,,,,,,,,,,,0,,0.0,,0.0,,,,,,,,,
low_supply_search,OLX.uz/0 CFNetwork/3860.600.12 Darwin/25.5.0,564b19961115dff95d58ac71aaf20eaa93283ab7faeda7637bdcb5104fd8bc57,22196433.0,1a01eafcf86x38f2dc18                ,189564a046exdff4b49                 ,14,4208,1787221264,2026-08-20,1787221238347,UZ,4.0,listing,,6,6,,,,массаж детский,1.0,1.0,1.0,[65496137],,,,,4.127.1,26.5,,00452D4F-5571-451D-BB39-6C9DAA67578D,2.21.1,,listing,all,logged,[1:1],,,navigation,listing_home,,,,,,,,,,2.0,true,,,,,normal,,,"[category_id,city_id]",RU,,,189564a7ccexbc3c2b2a                ,relevance:desc,,,,f,,7A3217FF91FE6CF315A4A0EEEAEFC2B1,/h/ios-cee,,,,,,,,,1.0.1163,,,,,[],,,,,,"[6,4]",,2026-08-20 12:46:49,f,all,,,,,,,,,,,[search|organic],,,,,,,,false,,false,,,,,,,,,,,,,,,,,,,,,,,,,iOS,,,,,,,,,,,,,,,,,0,,0.0,,0.0,,,,,,,,,
ad_click,OLX.uz/0 CFNetwork/3860.600.12 Darwin/25.5.0,0c5c2dfa33f1ce1f7bb42dc8eba6efb8e77eb123bfc110d3f438ed4445a8ab7f,,1a01e9e910fx3c620500                ,1707172a640x6abb2395                ,20,850,1787220343,2026-08-20,1787220343670,UZ,4.0,,ad_click,1555,3,108,1555,,Byd Xan,2.0,155.0,16.0,"[65352598,55529137,65679844,63828925,63680764,64406038,65752303,58254525,63989375,65216692]",65352598.0,7.0,,,4.127.1,26.5.2,,A2A19EF5-F703-4D53-91E0-A697024CF775,2.21.1,30600.0,ad_click,,unlogged,7,,,,ad_page,,,,,,,,,,1.0,true,,UYE,,,,204732002.0,20,[currency],RU,5,,1707173222cx179b8095                ,relevance:desc,,false,,f,,346651A8666725B8751F55BFA01D4281,/h/ios-cee,,,,,,,,,1.0.1162,,,,,"[63828925,63680764,64406038]",,,,,,[UYE],,2026-08-20 12:46:49,f,all,,,,,,,,,,,"[search|organic,search|organic,search|organic,search|promoted,search|promoted,search|promoted,search|organic,search|organic,search|organic,search|organic]",search|organic,,,,,,,false,,false,,,,,,,,,,,,,,,,,,,,13.0,"[""model"",""price"",""car_body"",""terms_of_sale"",""motor_year"",""motor_mileage"",""transmission_type"",""color"",""motor_engine_size"",""fuel_type"",""condition"",""owners"",""car_option""]",,,,iOS,,,,,,,,,,,,,,,,,0,,0.0,,0.0,,,,,,,,,
zero_result_search,OLX.uz/19422 CFNetwork/3860.700.1 Darwin/25.6.0,438be15bdb44ab64be45de94baf7d631bae695edc5affdaa36e397e2e8182cfe,,1a01e1afa1dx8fbf65f5                ,189a84cbfb6xfac1ca7                 ,39,602,1787211513,2026-08-20,1787211507012,UZ,,listing,,6,6,,,,modellikka ishga olamiz,1.0,0.0,0.0,"[65468235,65669345,64551535]",,,,,4.117.0,26.6,,,2.18.2,,listing,all,unlogged,[1:3],,,navigation,listing,,,,,,,,,,1.0,true,,,,,,,,[category_id],RU,,,189b453e742xdefbd8ee                ,filter_float_salary_to:desc,,,,f,,,/h/ios-cee,,,,,,,,,1.0.1163,,,,,[64551535],,,,,,[6],,2026-08-20 09:12:13,f,all,,,,,,,,,,,"[search|organic,search|promoted,search|promoted]",,,,,,,,false,,false,,,,,,,,,,,,,,,,,,,,,,,,,iOS,,,,,,,,,,,,,,,,,0,,0.0,,0.0,,,,,,,,,
low_supply_search,OLX.uz/0 CFNetwork/3860.500.112 Darwin/25.4.0,64114a9c8e4d5bcdfe7e7509bbcdcef2e32a06e7db96d12773c73eb492b26665,49886807.0,1a01ea7d525xd1991ecc                ,1806aaa2402xf64bf1bc                ,90,1561,1787221211,2026-08-20,1787221188070,UZ,,listing,,0,,,,,Magikbook x14,1.0,10.0,1.0,"[64668913,65207305,64042773,55410882,60473013,63651028,52437347,51071750,64651752,54280869]",,,,,4.127.1,26.4.2,,,2.21.1,,listing,all,logged,[1:10],[extended_search_no_results_spell_checker:10],,navigation,listing_home,,,,,,,,,,0.0,true,,,,,normal,,,,RU,,,1806818b757x966487f9                ,relevance:desc,,,,f,,417727C700071EB902FD4510543EA6A2,/h/ios-cee,,,,,,,,,1.0.1163,,,,,[],,,,,,,,2026-08-20 12:46:49,f,all,,,,,,,,,,,"[search|organic,search|organic,search|organic,search|organic,search|organic,search|organic,search|organic,search|organic,search|organic,search|organic]",,,,,,,,false,,false,,,,,,,,,,,,,,,,,,,,,,,,,iOS,,,,,,,,,,,"""[extended_search_no_results_spell_checker,extended_search_no_results_spell_checker,extended_search_no_results_spell_checker,extended_search_no_results_spell_checker,extended_search_no_results_spell_checker,extended_search_no_results_spell_checker,extended_search_no_results_spell_checker,extended_search_no_results_spell_checker,extended_search_no_results_spell_checker,extended_search_no_results_spell_checker]""",,,,,,0,,0.0,,0.0,,,,,,,,,
keyword_search,OLX.uz/0 CFNetwork/3860.700.1 Darwin/25.6.0,a398aa14f0c75db363b62911389d709e769d2b3359a3826854dcdf250e762232,65812282.0,1a01ec5c891x495962d8                ,1727d7778acxee3b83dc                ,6,9568,1787222692,2026-08-20,1787222682585,UZ,,listing,,111,3,111,,,fara malibu 2,1.0,136.0,14.0,"[65458549,63457433,63359574,62699025,60681945,64188370,49899102,49005114,63610874,61823907]",,,,,4.127.1,26.6,,F73B87F1-243F-421B-BAC2-3D17152D1B65,2.21.1,,listing,all,logged,[1:10],,,navigation,listing_home,,,,,,,,,,1.0,true,,,,,normal,,,[category_id],RU,,,1727d77f495x472f10ee                ,relevance:desc,,,,f,,60D33B03772433D04619D5106ACBCDE3,/h/ios-cee,,,,,,,,,1.0.1162,,,,,"[65458549,63457433]",,,,,,[111],,2026-08-20 12:46:49,t,all,,,,,,,,,,,"[search|promoted,search|promoted,search|organic,search|organic,search|organic,search|organic,search|organic,search|organic,search|organic,search|organic]",,,,,,,,false,,false,,,,,,,,,,,,,,,,,,,,,,,,,iOS,,,,,,,,,,,,,,,,,0,,0.0,,0.0,,,,,,,,,
keyword_search,OLX.uz/0 CFNetwork/3860.700.1 Darwin/25.6.0,a398aa14f0c75db363b62911389d709e769d2b3359a3826854dcdf250e762232,65812282.0,1a01ec5c891x495962d8                ,1727d7778acxee3b83dc                ,41,9568,1787222809,2026-08-20,1787222802354,UZ,,listing,,111,3,111,,,fara malibu 2,1.0,136.0,14.0,"[65458549,63457433,63359574,62699025,60681945,64188370,49899102,49005114,63610874,61823907]",,,,,4.127.1,26.6,,F73B87F1-243F-421B-BAC2-3D17152D1B65,2.21.1,,listing,all,logged,[1:10],,,navigation,listing,,,,,,,,,,1.0,true,,,,,normal,,,[category_id],RU,,,1727d77f495x472f10ee                ,relevance:desc,,,,f,,60D33B03772433D04619D5106ACBCDE3,/h/ios-cee,,,,,,,,,1.0.1162,,,,,"[65458549,63457433]",,,,,,[111],,2026-08-20 12:46:49,t,all,,,,,,,,,,,"[search|organic,search|organic,search|organic,search|organic,search|organic,search|organic,search|organic,search|organic,search|organic,search|organic]",,,,,,,,false,,false,,,,,,,,,,,,,,,,,,,,,,,,,iOS,,,,,,,,,,,,,,,,,0,,0.0,,0.0,,,,,,,,,
zero_result_search,OLX.uz/19422 CFNetwork/3860.700.1 Darwin/25.6.0,438be15bdb44ab64be45de94baf7d631bae695edc5affdaa36e397e2e8182cfe,,1a01e1afa1dx8fbf65f5                ,189a84cbfb6xfac1ca7                 ,43,602,1787211519,2026-08-20,1787211517001,UZ,,listing,,6,6,,,,modellikka ishga olamiz toshkent,1.0,0.0,0.0,"[65468235,65669345,64551535]",,,,,4.117.0,26.6,,,2.18.2,,listing,all,unlogged,[1:3],,,navigation,listing,,,,,,,,,,1.0,true,,,,,,,,[category_id],RU,,,189b453e742xdefbd8ee                ,filter_float_salary_to:desc,,,,f,,,/h/ios-cee,,,,,,,,,1.0.1163,,,,,[64551535],,,,,,[6],,2026-08-20 09:12:13,f,all,,,,,,,,,,,"[search|organic,search|promoted,search|promoted]",,,,,,,,false,,false,,,,,,,,,,,,,,,,,,,,,,,,,iOS,,,,,,,,,,,,,,,,,0,,0.0,,0.0,,,,,,,,,
extend_results_show,OLX.uz/995976 CFNetwork/3826.500.131 Darwin/24.5.0,95c06bc4e9cec9a747d0bf6d0e250f1e8b895c1690a9b1b5c479002cea08bf0a,,1a01bff1f93x60b80b74                ,184bdf75e5ex38812280                ,10,103,1787176129,2026-08-20,1787176102774,UZ,,,extend_results_ads_show,317,3,111,317,,видеорегистратор_видео,1.0,25.0,3.0,"[61994333,60851620,65729367,58425581,63444803,57257627,49710824,65599143,58360119,59795036]",,,,,4.56.1,18.5,,B04B61B7-9A1A-48F1-B033-FE87BB1894C7,2.1.0,,extend_results_ads_show,all,unlogged,[1:10],,,,listing,,,,,,,,,,0.0,true,,,,,,,,,RU,,,184bdf7dadex9bf7a55e                ,relevance:desc,,,,0,[],35AB2386493E419A8E1CDBF36454CEB8,/h/ios-cee,,,,,from_most_relevant,,,,1.0.1162,,,,,"[61994333,60851620,65729367]",,,,,,,,2026-08-20 00:38:13,t,all,,,,,,false,,,,,"[search|promoted,search|promoted,search|promoted,search|organic,search|organic,search|organic,search|organic,search|organic,search|organic,search|organic]",,,,,,,,0,,0,,,,,,,,,,,,,,,,,,,,,,,,,iOS,,,,,,,,,,,,,,,,,,,,,,,,,,,,,,
navigation_browse,OLX.uz/0 CFNetwork/1568.200.51 Darwin/24.1.0,1c37a073e8f02dd1c700321ad86895b77f48a8e497291f87c2a6c718e13bed09,14858800.0,1a01eb5818ex404cb91d                ,17f09ad28f4xba82bf2                 ,28,4130,1787221659,2026-08-20,1787221654376,UZ,4.0,listing,,1147,1,1511,1147,,,1.0,1000.0,100.0,"[65642626,65775084,65772749,65788638,65708725,65788471,65788290,65788253,65788245,65788189]",,,,,4.127.1,18.1,,,2.21.1,,listing,all,logged,[1:10],,,navigation,filter_page,,,,,,,,,,5.0,true,0.0,UYE,,,normal,,,"[category_id,city_id,currency,number_of_rooms,price]",OZ,,,17f09ada13ax4623fd81                ,relevance:desc,,,,f,,5FD8E3654B750C0CC93F1D2543011675,/h/ios-cee,,,,,,,,,1.0.1162,,,,,"[65642626,65775084,65772749]",,,,300.0,400.0,"[1147,4,UYE,2:,300:400]",,2026-08-20 12:46:49,f,all,,,,,,,,,,,"[search|promoted,search|promoted,search|promoted,search|organic,search|organic,search|organic,search|organic,search|organic,search|organic,search|organic]",,,,,,,,false,,false,,,,,,,,,,,,,,,,,,,,,,,,,iOS,,,,,,,,,,,,,,,,,0,[number_of_rooms],1.0,[2:],1.0,,,,,,,,,
low_supply_search,OLX.uz/0 CFNetwork/3826.600.41.2.1 Darwin/24.6.0,77d8de7e67f31608dc87d2a91e1302437171cdcf9096a63daefd01626f5921f6,,1a01ef7b5ddxa91cb8e0                ,17a0cd3c2b3x17748a32                ,16,440,1787225976,2026-08-20,1787225971595,UZ,,listing,,0,,,,,Хитой керамогранит,1.0,2.0,1.0,"[51760954,63048095]",,,,,4.127.1,18.7.8,,,2.21.1,,listing,all,unlogged,[1:2],,,navigation,listing_home,,,,,,,,,,0.0,true,,,,,,,,,RU,,,17a0cd43a9cxe898ad04                ,relevance:desc,,,,f,,A6F1A265032621D5F47FCC938BABF8EC,/h/ios-cee,,,,,,,,,1.0.1163,,,,,[51760954],,,,,,,,2026-08-20 12:46:49,f,all,,,,,,,,,,,"[search|promoted,search|organic]",,,,,,,,false,,false,,,,,,,,,,,,,,,,,,,,,,,,,iOS,,,,,,,,,,,,,,,,,0,,0.0,,0.0,,,,,,,,,
keyword_search,OLX.uz/0 CFNetwork/3860.700.1 Darwin/25.6.0,30e25a75088ded54e907a00b991caca535c0de60c04027bfffe6b08f4a3ab41b,,1a01ed45953xaee65c54                ,178034c0983x72d82e00                ,17,2442,1787223660,2026-08-20,1787223639751,UZ,,listing,,0,,,,,porsche taycan,1.0,22.0,3.0,"[65109816,65122437,65350949,65553208,65074064,63056244,65292094,65292153,63317539,59304027]",,,,,4.127.1,26.6,,,2.21.1,,listing,all,unlogged,[1:10],,,navigation,listing_home,,,,,,,,,,0.0,true,,,,,,,,,OZ,,,178034c164fx3d4dc78c                ,relevance:desc,,,,f,,8689AD3A3E78D23A747B23EB31AD5561,/h/ios-cee,,,,,,,,,1.0.1163,,,,,[],,,,,,,,2026-08-20 12:46:49,f,all,,,,,,,,,,,"[search|organic,search|organic,search|organic,search|organic,search|organic,search|organic,search|organic,search|organic,search|organic,search|organic]",,,,,,,,false,,false,,,,,,,,,,,,,,,,,,,,,,,,,iOS,,,,,,,,,,,,,,,,,0,,0.0,,0.0,,,,,,,,,
zero_result_search,OLX.uz/19422 CFNetwork/3860.700.1 Darwin/25.6.0,438be15bdb44ab64be45de94baf7d631bae695edc5affdaa36e397e2e8182cfe,,1a01e1afa1dx8fbf65f5                ,189a84cbfb6xfac1ca7                 ,30,602,1787211513,2026-08-20,1787211494134,UZ,,listing,,6,6,,,,modellikka ishga olamiz,1.0,0.0,0.0,"[65468235,65669345,64551535]",,,,,4.117.0,26.6,,,2.18.2,,listing,all,unlogged,[1:3],,,navigation,listing,,,,,,,,,,1.0,true,,,,,,,,[category_id],RU,,,189b453e742xdefbd8ee                ,created_at:desc,,,,f,,,/h/ios-cee,,,,,,,,,1.0.1163,,,,,[64551535],,,,,,[6],,2026-08-20 09:12:13,f,all,,,,,,,,,,,"[search|organic,search|promoted,search|promoted]",,,,,,,,false,,false,,,,,,,,,,,,,,,,,,,,,,,,,iOS,,,,,,,,,,,,,,,,,0,,0.0,,0.0,,,,,,,,,
extend_results_show,OLX.uz/995976 CFNetwork/3826.500.131 Darwin/24.5.0,95c06bc4e9cec9a747d0bf6d0e250f1e8b895c1690a9b1b5c479002cea08bf0a,,1a01bff1f93x60b80b74                ,184bdf75e5ex38812280                ,11,103,1787176129,2026-08-20,1787176102777,UZ,,,extend_results_ads_show,317,3,111,317,,видеорегистратор_видео,1.0,25.0,3.0,"[61994333,60851620,65729367,58425581,63444803,57257627,49710824,65599143,58360119,59795036]",,,,,4.56.1,18.5,,B04B61B7-9A1A-48F1-B033-FE87BB1894C7,2.1.0,,extend_results_ads_show,all,unlogged,[1:10],,,,listing,,,,,,,,,,0.0,true,,,,,,,,,RU,,,184bdf7dadex9bf7a55e                ,relevance:desc,,,,0,[],35AB2386493E419A8E1CDBF36454CEB8,/h/ios-cee,,,,,from_most_relevant,,,,1.0.1162,,,,,"[61994333,60851620,65729367]",,,,,,,,2026-08-20 00:38:13,t,all,,,,,,false,,,,,"[search|promoted,search|promoted,search|promoted,search|organic,search|organic,search|organic,search|organic,search|organic,search|organic,search|organic]",,,,,,,,0,,0,,,,,,,,,,,,,,,,,,,,,,,,,iOS,,,,,,,,,,,,,,,,,,,,,,,,,,,,,,
favourite_ad_click,OLX.uz/0 CFNetwork/3860.300.31 Darwin/25.2.0,5468ecbf1cca1c2252a0f4bc14be2bb93a10fb4c72e4aedf330aeb821db9b40e,21559513.0,1a01efd4b84x3384970f                ,183cd5b4c09x5d778087                ,8,2571,1787226351,2026-08-20,1787226351546,UZ,4.0,,favourite_ad_click,583,903,573,583,,,1.0,,,,55693981.0,7.0,,,4.127.1,26.2.1,,13A40FBC-F65C-4C95-BFA9-9DB63395A2CC,2.21.1,1300000.0,favourite_ad_click,new,logged,5,extended_search_extended_category,,,listing,,,,,,,,,,,false,,UZS,[pushup],,private,124375119.0,12,,RU,5,,183cd5b59b3x522e1274                ,,,false,,f,,7ED3A5806EAD79F541D6B694ED029E56,/h/ios-cee,,,,,,,,,1.0.1162,,,,,,,,,,,,,2026-08-20 12:46:49,f,,,,,,,,,,,,,search|organic,,,,,,,,,,,,,,,,,,,,,,,,,,,,,2.0,"[""price"",""state""]",,,,iOS,,,,,,,,,,,,,,,,,0,,,,,,,,,,,,,
favourite_ad_click,OLX.uz/0 CFNetwork/3860.300.31 Darwin/25.2.0,c4ea4811eb6840ae5ccb056f9a1b9d28f4de84b692998e7c4d34197eb86eb6f6,21559513.0,1a01ee346f0x79575e76                ,183cd5b4c09x5d778087                ,99,2570,1787224800,2026-08-20,1787224800582,UZ,4.0,,favourite_ad_click,1784,36,542,1479,,,3.0,,,,65662638.0,2.0,,,4.127.1,26.2.1,,13A40FBC-F65C-4C95-BFA9-9DB63395A2CC,2.21.1,230000.0,favourite_ad_click,new,logged,27,ip|cool_rec_platform,,,ad_page,related_ad_click,,,,,,,,,,false,,UZS,,,private,534496220.0,20,,RU,5,,183cd5b59b3x522e1274                ,,,false,,f,,,/h/ios-cee,,,standard,,,,,,1.0.1162,,,,,,,,,,,,,2026-08-20 12:46:49,f,,,,,,,,,,,,,,,,,,1784.0,,,,,<null>,,,,,,,,,,,,,,,,,,,3.0,"[""price"",""state"",""size""]",,,,iOS,,,,,,,,,,,,,,,,,0,,,,,,,,,,,,,
