row_type,user_agent,user_id,session,session_long,session_seq,session_long_seq,server_date,server_date_day,user_date,country_code,city_id,trackpage,eventname,category_id,cat_l1_id,cat_l2_id,cat_l3_id,listing_type,keyword,page_nb,result_count,page_count,ad_id,distance_filt,ad_impressions,action_type,ad_reason,touch_point_page,touch_point_button,plush_ver,listing_format,ad_position,language,ad_photo,is_silent,app_version,android_version,device_token,google_ad_id,mon_order_id,mon_payment_method,mon_gross_revenue,mon_feature_id,mon_feature_code,mon_feature_type,mon_feature_gross_revenue,mon_if_price_test,ninja_version,filters_count,gps_approval,price_currency,ad_featured,partner_code,business_status,seller_id,item_condition,ad_price,district_id,filters,region_id,related_ad_reason,user_status,multidomain_session_long,push_id,debug_mode,order_by,delivery_visibility,sell_with_delivery,filter_delivery,change_source,server_path,platform_type,accept_cookies,search_id,adpage_type,ab_test,ip_address,lat_lon,urban_airship_id,cat_position,vaspoints_active,vaspoints_enabled,device_id,mv,test_name,test_variation,lf_visibility,chat_id,promoted_ad_impressions,experiment_detail,dfp_test_segment_v3,invite_campaign,invite_source,invite_tracking_date,price_from,price_to,filters_values,f_quantity,refined,inserted_at_utc,ad_price_numeric,rating,dark_mode,if_look_for_description,seller_type,poster_type,has_score,posting_id,conversation_id,rating_suggestions,shop_id,shop_subdomain,extension_parameter,package_size,package_weight,selected_provider,seller_score,search_sources,search_reason,if_look_for_deliveries,deeplink_url,user_data_remember,error_type,service_fee,cat_l4_id,if_look_for_restored,if_look_for_popular,if_look_for_autocomplete,user_trading_type,buyer_delivery,take_rate_visibility,received_feedback,cv_attached,profile_attached,num_attachments,times_favourite,flag_definition,part,employer_segment,ad_reason_ad_id,ad_reason_recommended_items,ad_reason_recommended_items_scores,discount_visibility,f_discount_id,f_discounted_feature_type,price_before_discount,vas_flow,num_listing_atts,listing_atts,recommendation_type,check_in_date,check_out_date,platform,rewards_redeem_type,rewards_points_balance,rewards_free_deliveries_balance,rewards_free_deliveries_total,rewards_join_source,siren_id,booking_request_id,booking_id,purchase_order_id,candidate_id,banner_cta_content_name,recommendation_sources,document_type,nav_referrer,screen_name,candidate_score,consent,app_state,category_filters,category_filters_count,category_filters_values,category_filters_values_count,vaser_type,product_name,business_card_values,value,question,request_id,ads_id,cnt_ad_locations,sales_order_id
ad_click,Dalvik/2.1.0 (Linux; U; Android 10; Redmi Note 7 MIUI/V12.5.3.0.QFGMIXM),449823.0,1a01b864cc3x9f6ac0c6                ,16c7fbb01f4x82fe6b38                ,8,4457,1787168192,2026-08-20,1787168191953,UZ,4.0,,ad_click,2002.0,899.0,654.0,657.0,,,,0,,64356849.0,,,ad_click,hp|recent,listing_home,,3.7.4,,1,RU,3.0,,5.143.6,Android 10.0,2e6d7c7405d45e3b5eb78272927a84ab12808d86a2be78403df801a743f1b4fe,00000000-0000-0000-0000-000000000000,,,,,,,,,2.24.4,,true,UZS,,,normal,94719873.0,new,1000000,18,,5,,logged_ciam,1a01b867960xf7a71623                ,,f,,,,,,/h/android-cee,,,,standard,,99ad1916a4dd3574e7edaf8a846316583720839b5b11040ffcde30ef7e29e4cd,,,,,,7CCAB04B7B826F00C0C61EAF02796AA2qIVTzPdktJBi1iLHB2,1.0.1162,,,,,,,,,,,,,,,,2026-08-19 20:33:33,1000000.00,,f,,,,,,,,,,,,,,,,,,,,,,2002.0,,,,,,,,,,,,,,,,,,,,,,,,,,,,android,,,,,,,,,,,,,,,,,"C0001,C0002,C0003,C0004,gad",0,,,,,,,,,,,,,
extend_results_show,Dalvik/2.1.0 (Linux; U; Android 13; SM-A325F Build/TP1A.220624.014),,1a01ffdb347x419616f6                ,1853f75b2ccxefcabfdc                ,7,2518,1787243168,2026-08-20,1787243134040,UZ,,,extend_result_ads_show,,,,,,,,0,,,,,extend_result_ads_show,,listing,,3.7.4,,,RU,,,5.143.6,Android 13.0,f7085f823f3ddd57f29879b6aaa6d0a10b687fbee78676a36194e13586c1e865,dc9fa21c-5884-46c6-980c-01da92603504,,,,,,,,,2.24.4,,true,,,,private,,,,,,,,unlogged,1853f75c66exe461524b                ,,f,,,,,,/h/android-cee,,,,,,1b2ad1e8922798f5d251e0d47b1ba48ff6e49118b9cbcc991292a7028fe65a7c,,,,,,4B3BB37F6D48C4F1344FD12995F89BF2Zx5dF3mIzU2QsE4B05,1.0.1163,,,,,,,,,,,,,,,,2026-08-20 18:35:27,,,t,,,,,,,,,,,,,,,,,,,,,,,,,,,,,,,,,,,,,,,,,,,,,,,,,,android,,,,,,,,,,,,,,,,,"C0001,C0002,C0003,C0004,gad",0,,,,,,,,,,,,,
keyword_search,Dalvik/2.1.0 (Linux; U; Android 11; 2201116TG Build/RP1A.200720.011),,1a01b8f4761x51e4960a                ,186d728e4f9xd2b2a7be                ,6,4268,1787168778,2026-08-20,1787168771690,UZ,4.0,listing,,,,,,,rus tili kurslari,1.0,68,,,,"[54863406,61506860,32647251,39098177,,52824710,61407028,43576126,43785858,61486383]",listing,,listing,,3.7.4,grid,[1:10],RU,,,5.143.6,Android 11.0,03a69e3e7d5d689acd471dacdccaea5de57a70f62b292919c9c896ca9cb031ab,7e14d81b-f939-4b5c-b0b2-18cd86cb8389,,,,,,,,,2.24.4,1.0,true,,,,private,,,,,,5,,unlogged,186d728f966xe06e4140                ,,f,relevance:desc,,,,,/h/android-cee,,,744603AB8D13A2E1A5696B42104AF375,,,54020de0e2523e8ae498ff4f35b4b847c2b2329fa98451516487c4677439320e,,,,,,8AAA18A00B1BF746C1768BB103DD78117FsbXZP8uGHgdCf315,1.0.1162,,,,,"[54863406,61506860,32647251]",,,,,,,,,,,2026-08-19 20:33:33,,,f,,,,,,,,,,,,,,,"[search|promoted,search|promoted,search|promoted,search|organic,search|organic,search|organic,search|organic,search|organic,search|organic]",,,,,,,,false,false,false,,,,,,,,,,,,,,,,,,,,,,,,,android,,,,,,,,,,,,"[null,null,null,null,null,null,null,null,null]",,,,,"C0001,C0002,C0003,C0004,gad",0,,0.0,,0.0,,,,,,,,,
navigation_browse,Dalvik/2.1.0 (Linux; U; Android 12; 22041219C Build/SP1A.210812.016),393487.0,1a01b81b5bbx2c5be432                ,181bed6cb6ax9b6041a                 ,35,8259,1787167914,2026-08-20,1787167913950,UZ,4.0,listing,,1115.0,3.0,108.0,1115.0,,,1.0,433,,,0.0,"[64816907,65455224,61764779,46384336,,65679189,56295612,65781559,57295693,65461559]",listing,,filter_page,,3.7.4,grid,[1:10],RU,,,5.143.6,Android 12.0,9c2b327e1649c71434c3391fdaa684d702b27413db7cd3bdb5fc5c543d7a3c8e,00000000-0000-0000-0000-000000000000,,,,,,,,,2.24.4,3.0,true,UYE,,,normal,,,,,[motor_year],5,,logged_ciam,19d7635b859xcc7cea1e                ,,f,relevance:desc,,,,,/h/android-cee,,,101270474D0F40D220DBECF94371BECB,,,4ba96d63ce5ed73c0d19722a27aca2938257456c3f9a729e191965e1aa6803f9,,,,,,E2829D1E778E3CB790E3FECA09D709367MnXO5cTn1WWyiQg60,1.0.1162,,,,,"[64816907,65455224,61764779]",,,,,,,,[2008:],,,2026-08-19 20:33:33,,,f,,,,,,,,,,,,,,,"[search|promoted,search|promoted,search|promoted,search|organic,search|organic,search|organic,search|organic,search|organic,search|organic]",,,,,,,,false,false,false,,,,,,,,,,,,,,,,,,,,,,,,,android,,,,,,,,,,,,"[null,null,null,null,null,null,null,null,null]",,,,,"C0001,C0002,C0003,C0004,gad",0,[motor_year],1.0,[2008:],1.0,,,,,,,,,
extend_results_show,Dalvik/2.1.0 (Linux; U; Android 14; 2303CRA44A Build/UP1A.230905.011),7176052.0,1a02027fa65x80db127d                ,1893a45f36dx7c71c57e                ,73,4622,1787246318,2026-08-20,1787246287824,UZ,,,extend_result_ads_show,,,,,,,,0,,,,,extend_result_ads_show,,listing_home,,3.7.4,,,RU,,,5.143.6,Android 14.0,f0fd2c25749a78056fd99ea633cf96a835f39ce886f169bba307197a498649aa,a5fa7cb1-7322-4205-beb2-8ce6f08ab9ff,,,,,,,,,2.24.4,,true,,,,private,,,,,,,,logged_ciam,1893a460770x29876e07                ,,f,,,,,,/h/android-cee,,,,,,46a0a19b043d1a8e7bdb72e6413ba5d53e778c18873f448059904838de3c5510,,,,,,21033AA89B6C481CC5F3F4BF252043306CzxLajcHoofDv7cAE,1.0.1161,,,,,,,,,,,,,,,,2026-08-20 18:35:27,,,f,,,,,,,,,,,,,,,,,,,,,,,,,,,,,,,,,,,,,,,,,,,,,,,,,,android,,,,,,,,,,,,,,,,,"C0001,C0002,C0003,C0004,gad",0,,,,,,,,,,,,,
ad_click,Dalvik/2.1.0 (Linux; U; Android 12; SM-G977B Build/SP1A.210812.016),,1a01b653514x7745e6cc                ,17ff4766ad2xbb3cdb32                ,12,5226,1787166027,2026-08-20,1787166027157,UZ,4.0,,ad_click,18.0,1.0,1515.0,18.0,,,,0,,57890188.0,,,ad_click,hp|recent,listing_home,,3.7.4,,5,RU,5.0,,5.143.6,Android 12.0,545aa7adb1fc3307218356132d2cb1d633e0cf8c165098d8309393a35c013a26,00000000-0000-0000-0000-000000000000,,,,,,,,,2.24.4,,true,UYE,,,private,20896649.0,,160000,24,,5,,unlogged,1a01b657086x4dabb5fe                ,,f,,,,,,/h/android-cee,,,,standard,,f64585110b6ce325f366f1f2fcfa2abde9785b8543987dbbec1507f966650409,,,,,,5DD1EA46F071B4D312CCAAA2900DAD8CHhQqBIfAexksj0wlE2,1.0.1159,,,,,,,,,,,,,,,,2026-08-19 20:33:33,160000.00,,f,,,,,,,,,,,,,,,,,,,,,,,,,,,,,,,,,,,,,,,,,,,,,,,,,,android,,,,,,,,,,,,,,,,,"C0001,C0002,C0003,C0004,gad",0,,,,,,,,,,,,,
zero_result_search,Dalvik/2.1.0 (Linux; U; Android 15; SM-G998N Build/AP3A.240905.015.A2),,1a01b859501x9cf0a4db                ,1897d6eaf4fx6f0081b4                ,30,8434,1787168598,2026-08-20,1787168597461,UZ,,listing,,7.0,7.0,,,,ассенизатор,1.0,0,,,,"[,54013235,62420485,65721284,,65607606,36910952,65701632,41167774,65717322]",listing,,listing,,3.7.4,grid,[1:10],RU,,,5.143.6,Android 15.0,5e6d4bd4458a14d0f58a0e477ea05e962df11e6831707ea343a363a275788982,861ae4a0-e3de-4270-b3a4-cb7c72ee914d,,,,,,,,,2.24.4,1.0,true,UZS,,,private,,,,,,,,unlogged,198f76e920bxb22864af                ,,f,relevance:desc,,,,,/h/android-cee,,,5C600A383C82204DA850F6F9F47FCF3E,,,26b4ce91578fe4a1c348cef108a3c43cff2e5b90cc26275b76e6a03db7fee996,,,,,,5AA801D8359D5C68CE46CD85BFB1685DbwoAgLMrM3qP6tac5E,1.0.1143,,,,,"[54013235,62420485,65721284]",,,,,,,,,,,2026-08-19 20:33:33,,,f,,,,,,,,,,,,,,,"[search|promoted,search|promoted,search|promoted,search|organic,search|organic,search|organic,search|organic,search|organic]",,,,,,,,true,false,false,,,,,,,,,,,,,,,,,,,,,,,,,android,,,,,,,,,,,,"[null,null,null,null,null,null,null,null]",,,,,"C0001,C0002,C0003,C0004,gad",0,,0.0,,0.0,,,,,,,,,
navigation_browse,Dalvik/2.1.0 (Linux; U; Android 12; 22041219C Build/SP1A.210812.016),393487.0,1a01b81b5bbx2c5be432                ,181bed6cb6ax9b6041a                 ,12,8259,1787167888,2026-08-20,1787167883699,UZ,4.0,listing,,3.0,3.0,,,,,1.0,1000,,,0.0,"[51511196,64782053,51664773,56086921,,65782830,65538751,65782820,65782810,63953683]",listing,,listing_home,,3.7.4,grid,[1:10],RU,,,5.143.6,Android 12.0,9c2b327e1649c71434c3391fdaa684d702b27413db7cd3bdb5fc5c543d7a3c8e,00000000-0000-0000-0000-000000000000,,,,,,,,,2.24.4,2.0,true,UZS,,,normal,,,,,,5,,logged_ciam,19d7635b859xcc7cea1e                ,,f,relevance:desc,,,,,/h/android-cee,,,9D3E3C7005A3D4DB3DFB7CD33696F277,,,4ba96d63ce5ed73c0d19722a27aca2938257456c3f9a729e191965e1aa6803f9,,,,,,E2829D1E778E3CB790E3FECA09D709367MnXO5cTn1WWyiQg60,1.0.1162,,,,,"[51511196,64782053,51664773]",,,,,,,,,,,2026-08-19 20:33:33,,,f,,,,,,,,,,,,,,,"[search|promoted,search|promoted,search|promoted,search|organic,search|organic,search|organic,search|organic,search|organic,search|organic]",,,,,,,,false,false,false,,,,,,,,,,,,,,,,,,,,,,,,,android,,,,,,,,,,,,"[null,null,null,null,null,null,null,null,null]",,,,,"C0001,C0002,C0003,C0004,gad",0,,0.0,,0.0,,,,,,,,,
ad_click,Dalvik/2.1.0 (Linux; U; Android 10; Redmi Note 7 MIUI/V12.5.3.0.QFGMIXM),449823.0,1a01b864cc3x9f6ac0c6                ,16c7fbb01f4x82fe6b38                ,16,4457,1787168204,2026-08-20,1787168203425,UZ,4.0,,ad_click,1115.0,3.0,108.0,1115.0,,,,0,,65710208.0,,,ad_click,seller_listing|normal,seller_listing,,3.7.4,,2,RU,4.0,,5.143.6,Android 10.0,2e6d7c7405d45e3b5eb78272927a84ab12808d86a2be78403df801a743f1b4fe,00000000-0000-0000-0000-000000000000,,,,,,,,,2.24.4,,true,UZS,,,normal,94719873.0,good,65000000,18,,5,,logged_ciam,1a01b86a615x71fc6fa9                ,,f,,,,,,/h/android-cee,,,,standard,,99ad1916a4dd3574e7edaf8a846316583720839b5b11040ffcde30ef7e29e4cd,,,,,,7CCAB04B7B826F00C0C61EAF02796AA2qIVTzPdktJBi1iLHB2,1.0.1162,,,,,,,,,,,,,,,,2026-08-19 20:33:33,65000000.00,,f,,,,,,,,,,,,,,,,,,,,,,,,,,,,,,,,,,,,,,,,,,,,,,,,,,android,,,,,,,,,,,,,,,,,"C0001,C0002,C0003,C0004,gad",0,,,,,,,,,,,,,
keyword_search,Dalvik/2.1.0 (Linux; U; Android 16; SM-A546E Build/BP4A.251205.006),525278811.0,1a01b894620x485868b0                ,18c4ad48be9x84d18430                ,7,2570,1787168395,2026-08-20,1787168378451,UZ,,listing,,557.0,891.0,98.0,557.0,,серебро мужская,1.0,15,,,,"[65777239,64445167,42462752,59280397,,62923762,62873382,64986521,64439016,42970597]",listing,,listing,,3.7.4,grid,[1:10],RU,,,5.143.6,Android 16.0,78e238d12610d5b745b5db8f7b5659f06fedc2d89cf4b3068c59d48854097cc9,6c926b68-6365-46b4-b067-7c953bc7162f,,,,,,,,,2.24.4,2.0,false,,,,private,,,,,[subcategory],,,logged_ciam,19e68efbd5exe800463e                ,,f,relevance:desc,,,,,/h/android-cee,,,DCAEEB53AAF89EBAB8CAA82181AE6BEA,,,1bdb4e19a6387dde59c72ae8108bce78d97e22ea87a0c3ccc3821816a75f7c74,,,,,,FC3432D983B5227994DACA7B5B4E4A09D46nMeCeBxbUtarP93,1.0.1162,,,,,[],,,,,,,,[tsepochki],,,2026-08-19 20:33:33,,,t,,,,,,,,,,,,,,,"[search|organic,search|organic,search|organic,search|organic,search|organic,search|organic,search|organic,search|organic,search|organic]",,,,,,,,false,false,false,,,,,,,,,,,,,,,,,,,,,,,,,android,,,,,,,,,,,,"[null,null,null,null,null,null,null,null,null]",,,,,"C0001,C0002,C0003,C0004,gad",0,[subcategory],1.0,[tsepochki],1.0,,,,,,,,,
ad_click,Dalvik/2.1.0 (Linux; U; Android 10; Redmi Note 7 MIUI/V12.5.3.0.QFGMIXM),449823.0,1a01b864cc3x9f6ac0c6                ,16c7fbb01f4x82fe6b38                ,26,4457,1787168236,2026-08-20,1787168235538,UZ,4.0,,ad_click,1115.0,3.0,108.0,1115.0,,,,0,,65710208.0,,,ad_click,seller_listing|normal,seller_listing,,3.7.4,,2,RU,4.0,,5.143.6,Android 10.0,2e6d7c7405d45e3b5eb78272927a84ab12808d86a2be78403df801a743f1b4fe,00000000-0000-0000-0000-000000000000,,,,,,,,,2.24.4,,true,UZS,,,normal,94719873.0,good,65000000,18,,5,,logged_ciam,1a01b872378xef672d00                ,,f,,,,,,/h/android-cee,,,,standard,,99ad1916a4dd3574e7edaf8a846316583720839b5b11040ffcde30ef7e29e4cd,,,,,,7CCAB04B7B826F00C0C61EAF02796AA2qIVTzPdktJBi1iLHB2,1.0.1162,,,,,,,,,,,,,,,,2026-08-19 20:33:33,65000000.00,,f,,,,,,,,,,,,,,,,,,,,,,,,,,,,,,,,,,,,,,,,,,,,,,,,,,android,,,,,,,,,,,,,,,,,"C0001,C0002,C0003,C0004,gad",0,,,,,,,,,,,,,
zero_result_search,Dalvik/2.1.0 (Linux; U; Android 14; SM-A546E Build/UP1A.231005.007),47399916.0,1a01b8a98e1x41157c15                ,18b8f5fd368x6f528370                ,53,2625,1787168670,2026-08-20,1787168639495,UZ,,listing,,,,,,,моринга трава,1.0,0,,,,"[,60215847,64977332,65127493,,61696895,65127413,65129320,64714679,55317717]",listing,[extended_search_no_results_last_resort:8],listing_home,,3.7.4,grid,[1:10],RU,,,5.143.6,Android 14.0,77905afd324a7c2c55f8b55893c7c11c7a6180f87e307e640b4cd0b594d03370,52363935-683c-4f3b-a7c7-a355e0dcdf9f,,,,,,,,,2.24.4,0.0,false,UZS,,,normal,,,,,,,,logged_ciam,19de24c6c99xf1041c72                ,,f,relevance:desc,,,,,/h/android-cee,,,8F033C2732438F99835BF093512E3AB9,,,3532cf8773a6ab50804d2d3f33b4595dcdf5bd3c934930b6e0de8dd28466edf2,,,,,,6023ADB28A7A1D4EAA6296ECF88F973BUecJQ0WC2UERr7O6B6,1.0.1161,,,,,[],,,,,,,,,,,2026-08-19 20:33:33,,,t,,,,,,,,,,,,,,,"[search|organic,search|organic,search|organic,search|organic,search|organic,search|organic,search|organic,search|organic]",,,,,,,,false,false,false,,,,,,,,,,,,,,,,,,,,,,,,,android,,,,,,,,,,,,"""[extended_search_no_results_last_resort,extended_search_no_results_last_resort,extended_search_no_results_last_resort,extended_search_no_results_last_resort,extended_search_no_results_last_resort,extended_search_no_results_last_resort,extended_search_no_results_last_resort,extended_search_no_results_last_resort]""",,,,,"C0001,C0002,C0003,C0004,gad",0,,0.0,,0.0,,,,,,,,,
zero_result_search,Dalvik/2.1.0 (Linux; U; Android 15; SM-G998N Build/AP3A.240905.015.A2),,1a01b859501x9cf0a4db                ,1897d6eaf4fx6f0081b4                ,22,8434,1787168586,2026-08-20,1787168569609,UZ,,listing,,7.0,7.0,,,,говновоз хизмати,1.0,0,,,,"[63405983,63988107,65726987,65607606,,36910952,65701632,41167774,65717322,65583422]",listing,,listing,,3.7.4,grid,[1:10],RU,,,5.143.6,Android 15.0,5e6d4bd4458a14d0f58a0e477ea05e962df11e6831707ea343a363a275788982,861ae4a0-e3de-4270-b3a4-cb7c72ee914d,,,,,,,,,2.24.4,1.0,true,UZS,,,private,,,,,,,,unlogged,198f76e920bxb22864af                ,,f,relevance:desc,,,,,/h/android-cee,,,5C600A383C82204DA850F6F9F47FCF3E,,,26b4ce91578fe4a1c348cef108a3c43cff2e5b90cc26275b76e6a03db7fee996,,,,,,5AA801D8359D5C68CE46CD85BFB1685DbwoAgLMrM3qP6tac5E,1.0.1143,,,,,"[63405983,63988107,65726987]",,,,,,,,,,,2026-08-19 20:33:33,,,f,,,,,,,,,,,,,,,"[search|promoted,search|promoted,search|promoted,search|organic,search|organic,search|organic,search|organic,search|organic,search|organic]",,,,,,,,false,false,true,,,,,,,,,,,,,,,,,,,,,,,,,android,,,,,,,,,,,,"[null,null,null,null,null,null,null,null,null]",,,,,"C0001,C0002,C0003,C0004,gad",0,,0.0,,0.0,,,,,,,,,
navigation_browse,Dalvik/2.1.0 (Linux; U; Android 12; 22041219C Build/SP1A.210812.016),393487.0,1a01b81b5bbx2c5be432                ,181bed6cb6ax9b6041a                 ,22,8259,1787167898,2026-08-20,1787167890854,UZ,4.0,listing,,3.0,3.0,,,,,1.0,1000,,,0.0,"[51511196,64782053,51664773,56086921,,65782830,65538751,65782820,65782810,63953683]",listing,,listing_home,,3.7.4,grid,[1:10],RU,,,5.143.6,Android 12.0,9c2b327e1649c71434c3391fdaa684d702b27413db7cd3bdb5fc5c543d7a3c8e,00000000-0000-0000-0000-000000000000,,,,,,,,,2.24.4,2.0,true,UZS,,,normal,,,,,,5,,logged_ciam,19d7635b859xcc7cea1e                ,,f,relevance:desc,,,,,/h/android-cee,,,9D3E3C7005A3D4DB3DFB7CD33696F277,,,4ba96d63ce5ed73c0d19722a27aca2938257456c3f9a729e191965e1aa6803f9,,,,,,E2829D1E778E3CB790E3FECA09D709367MnXO5cTn1WWyiQg60,1.0.1162,,,,,"[51511196,64782053,51664773]",,,,,,,,,,,2026-08-19 20:33:33,,,f,,,,,,,,,,,,,,,"[search|promoted,search|promoted,search|promoted,search|organic,search|organic,search|organic,search|organic,search|organic,search|organic]",,,,,,,,false,false,false,,,,,,,,,,,,,,,,,,,,,,,,,android,,,,,,,,,,,,"[null,null,null,null,null,null,null,null,null]",,,,,"C0001,C0002,C0003,C0004,gad",0,,0.0,,0.0,,,,,,,,,
zero_result_search,Dalvik/2.1.0 (Linux; U; Android 15; SM-G998N Build/AP3A.240905.015.A2),,1a01b859501x9cf0a4db                ,1897d6eaf4fx6f0081b4                ,35,8434,1787168621,2026-08-20,1787168615143,UZ,,listing,,7.0,7.0,,,,говновоз,1.0,0,,,,"[,65569880,65543500,65582405,,65663294,65234241,65765325,65731586,64053596]",listing,[extended_search_no_results_last_resort:8],listing,,3.7.4,grid,[1:10],RU,,,5.143.6,Android 15.0,5e6d4bd4458a14d0f58a0e477ea05e962df11e6831707ea343a363a275788982,861ae4a0-e3de-4270-b3a4-cb7c72ee914d,,,,,,,,,2.24.4,2.0,true,UZS,,,private,,,,,,37,,unlogged,198f76e920bxb22864af                ,,f,relevance:desc,,,,,/h/android-cee,,,B75C7AE356B11AF6B6881008A3667798,,,26b4ce91578fe4a1c348cef108a3c43cff2e5b90cc26275b76e6a03db7fee996,,,,,,5AA801D8359D5C68CE46CD85BFB1685DbwoAgLMrM3qP6tac5E,1.0.1143,,,,,[],,,,,,,,,,,2026-08-19 20:33:33,,,f,,,,,,,,,,,,,,,"[search|organic,search|organic,search|organic,search|organic,search|organic,search|organic,search|organic,search|organic]",,,,,,,,false,false,false,,,,,,,,,,,,,,,,,,,,,,,,,android,,,,,,,,,,,,"""[extended_search_no_results_last_resort,extended_search_no_results_last_resort,extended_search_no_results_last_resort,extended_search_no_results_last_resort,extended_search_no_results_last_resort,extended_search_no_results_last_resort,extended_search_no_results_last_resort,extended_search_no_results_last_resort]""",,,,,"C0001,C0002,C0003,C0004,gad",0,,0.0,,0.0,,,,,,,,,
keyword_search,Dalvik/2.1.0 (Linux; U; Android 16; SM-A546E Build/BP4A.251205.006),,1a01b94fe3fx9dc5d4b                 ,189ca719e7ax69a3a67c                ,12,6456,1787169158,2026-08-20,1787169158022,UZ,,listing,,,,,,,малибу диска,1.0,7,,,,"[65005722,65695579,53711824,49542220,,54710708,48233982,46391240]",listing,,listing_home,,3.7.4,grid,[1:8],RU,,,5.143.6,Android 16.0,731d18393a9930406a3f46e320f2a239386a1ea1b481a44acba77d1499478e7e,f12fd3d2-3cee-4dd5-987f-fa6c87099cfb,,,,,,,,,2.24.4,1.0,true,UZS,,,private,,,,,,32,,unlogged,198a9502af5xdfdbed6c                ,,f,relevance:desc,,,,,/h/android-cee,,,5BCE0EF14FC295B182F30750EC3BA650,,,241621f093bc89a18cdc766ae8f2ff023b49ae1e88e786e240bb6d6283257899,,,,,,358CD3063F04849CE1C00F0E6732705B8G6sfLyoDWHgjOSB34,1.0.1162,,,,,[],,,,,,,,,,,2026-08-19 20:33:33,,,t,,,,,,,,,,,,,,,"[search|organic,search|organic,search|organic,search|organic,search|organic,search|organic,search|organic]",,,,,,,,false,false,false,,,,,,,,,,,,,,,,,,,,,,,,,android,,,,,,,,,,,,"[null,null,null,null,null,null,null]",,,,,"C0001,C0002,C0003,C0004,gad",0,,0.0,,0.0,,,,,,,,,
navigation_browse,Dalvik/2.1.0 (Linux; U; Android 12; 22041219C Build/SP1A.210812.016),393487.0,1a01b81b5bbx2c5be432                ,181bed6cb6ax9b6041a                 ,25,8259,1787167898,2026-08-20,1787167898457,UZ,4.0,listing,,1115.0,3.0,108.0,1115.0,,,1.0,1000,,,0.0,"[56572037,61842563,65765868,46384336,,65679189,54145996,57297199,55540907,60644376]",listing,,listing,,3.7.4,grid,[1:10],RU,,,5.143.6,Android 12.0,9c2b327e1649c71434c3391fdaa684d702b27413db7cd3bdb5fc5c543d7a3c8e,00000000-0000-0000-0000-000000000000,,,,,,,,,2.24.4,2.0,true,UZS,,,normal,,,,,,5,,logged_ciam,19d7635b859xcc7cea1e                ,,f,relevance:desc,,,,,/h/android-cee,,,4E5B0686F788C2012907EFAB821F5328,,,4ba96d63ce5ed73c0d19722a27aca2938257456c3f9a729e191965e1aa6803f9,,,,,,E2829D1E778E3CB790E3FECA09D709367MnXO5cTn1WWyiQg60,1.0.1162,,,,,"[56572037,61842563,65765868]",,,,,,,,,,,2026-08-19 20:33:33,,,f,,,,,,,,,,,,,,,"[search|promoted,search|promoted,search|promoted,search|organic,search|organic,search|organic,search|organic,search|organic,search|organic]",,,,,,,,false,false,false,,,,,,,,,,,,,,,,,,,,,,,,,android,,,,,,,,,,,,"[null,null,null,null,null,null,null,null,null]",,,,,"C0001,C0002,C0003,C0004,gad",0,,0.0,,0.0,,,,,,,,,
favourite_ad_click,Dalvik/2.1.0 (Linux; U; Android 12; M2007J20CG Build/SKQ1.211019.001),10562586.0,1a01ff27b3axa273d065                ,17942b90289x60ad7e59                ,355,7205,1787244182,2026-08-20,1787244181983,UZ,4.0,,favourite_ad_click,13.0,1.0,1511.0,13.0,,,1.0,0,,65624540.0,,,favourite_ad_click,ip|cool_rec_platform,seller_listing,,3.7.4,,,RU,10.0,,5.143.6,Android 12.0,48200f1a4ade53407d5fd1433fe28df85229a5b0606262f0d61c35d269356f89,00000000-0000-0000-0000-000000000000,,,,,,,,,2.24.4,,true,UYE,,,normal,4403630.0,,57000,22,,5,,logged_ciam,1a0200dfa41x3a33a3b7                ,,f,,,false,,,/h/android-cee,,,,business,,92a8295c199d432d75126c29c517b359d5c71c0d96ecbd2e91561a8ebfb1d6f9,,,,,,CFEAE71FFF6CBDAF5D47DEE8E6538D24TJ3ddtk2K3BORYxr87,1.0.1163,,,,,,,,,,,,,,,,2026-08-20 18:35:27,57000.00,,t,,,,,,,,,,,,,,,,,,,,,,,false,false,false,,,,,,,,,,,,,,,,,,,,,,,,,android,,,,,,,,,,,,,,,,,"C0001,C0002,C0003,C0004,gad",0,,,,,,,,,,,,,
keyword_search,Dalvik/2.1.0 (Linux; U; Android 11; 2201116TG Build/RP1A.200720.011),,1a01b8f4761x51e4960a                ,186d728e4f9xd2b2a7be                ,113,4268,1787169281,2026-08-20,1787169268828,UZ,4.0,listing,,,,,,,xitoy tili kurslari rus tilida online,1.0,0,,,,"[,63688524,54617404,39098177,,52824710,64696557,30125801,64065661,61287493]",listing,[extended_search_no_results_last_resort:8],ad_page,,3.7.4,grid,[1:10],RU,,,5.143.6,Android 11.0,03a69e3e7d5d689acd471dacdccaea5de57a70f62b292919c9c896ca9cb031ab,7e14d81b-f939-4b5c-b0b2-18cd86cb8389,,,,,,,,,2.24.4,1.0,true,,,,private,,,,,,5,,unlogged,186d728f966xe06e4140                ,,f,relevance:desc,,,,,/h/android-cee,,,8D04BBE03B17B99734F82BA0542733AB,,,54020de0e2523e8ae498ff4f35b4b847c2b2329fa98451516487c4677439320e,,,,,,8AAA18A00B1BF746C1768BB103DD78117FsbXZP8uGHgdCf315,1.0.1162,,,,,[],,,,,,,,,,,2026-08-19 20:33:33,,,f,,,,,,,,,,,,,,,"[search|organic,search|organic,search|organic,search|organic,search|organic,search|organic,search|organic,search|organic]",,,,,,,,false,false,false,,,,,,,,,,,,,,,,,,,,,,,,,android,,,,,,,,,,,,"""[extended_search_no_results_last_resort,extended_search_no_results_last_resort,extended_search_no_results_last_resort,extended_search_no_results_last_resort,extended_search_no_results_last_resort,extended_search_no_results_last_resort,extended_search_no_results_last_resort,extended_search_no_results_last_resort]""",,,,,"C0001,C0002,C0003,C0004,gad",0,,0.0,,0.0,,,,,,,,,
keyword_search,Dalvik/2.1.0 (Linux; U; Android 11; 2201116TG Build/RP1A.200720.011),,1a01b8f4761x51e4960a                ,186d728e4f9xd2b2a7be                ,102,4268,1787169113,2026-08-20,1787169112751,UZ,4.0,listing,,,,,,,xitoy tili kurslari online,1.0,8,,,,"[61486383,61083783,45878549,65485042,,40875320,53462725,64284470,53531792]",listing,,listing,,3.7.4,grid,[1:9],RU,,,5.143.6,Android 11.0,03a69e3e7d5d689acd471dacdccaea5de57a70f62b292919c9c896ca9cb031ab,7e14d81b-f939-4b5c-b0b2-18cd86cb8389,,,,,,,,,2.24.4,1.0,true,,,,private,,,,,,5,,unlogged,186d728f966xe06e4140                ,,f,relevance:desc,,,,,/h/android-cee,,,7BF19284AE183BDF75EB34EF360ECA30,,,54020de0e2523e8ae498ff4f35b4b847c2b2329fa98451516487c4677439320e,,,,,,8AAA18A00B1BF746C1768BB103DD78117FsbXZP8uGHgdCf315,1.0.1162,,,,,[],,,,,,,,,,,2026-08-19 20:33:33,,,f,,,,,,,,,,,,,,,"[search|organic,search|organic,search|organic,search|organic,search|organic,search|organic,search|organic,search|organic]",,,,,,,,false,false,false,,,,,,,,,,,,,,,,,,,,,,,,,android,,,,,,,,,,,,"[null,null,null,null,null,null,null,null]",,,,,"C0001,C0002,C0003,C0004,gad",0,,0.0,,0.0,,,,,,,,,
keyword_search,Dalvik/2.1.0 (Linux; U; Android 11; 2201116TG Build/RP1A.200720.011),,1a01b8f4761x51e4960a                ,186d728e4f9xd2b2a7be                ,98,4268,1787169113,2026-08-20,1787169093166,UZ,4.0,listing,,,,,,,rus tili kurslari,1.0,68,,,,"[54863406,61506860,32647251,39098177,,52824710,61407028,43576126,43785858,61486383]",listing,,listing,,3.7.4,grid,[1:10],RU,,,5.143.6,Android 11.0,03a69e3e7d5d689acd471dacdccaea5de57a70f62b292919c9c896ca9cb031ab,7e14d81b-f939-4b5c-b0b2-18cd86cb8389,,,,,,,,,2.24.4,1.0,true,,,,private,,,,,,5,,unlogged,186d728f966xe06e4140                ,,f,relevance:desc,,,,,/h/android-cee,,,744603AB8D13A2E1A5696B42104AF375,,,54020de0e2523e8ae498ff4f35b4b847c2b2329fa98451516487c4677439320e,,,,,,8AAA18A00B1BF746C1768BB103DD78117FsbXZP8uGHgdCf315,1.0.1162,,,,,"[54863406,61506860,32647251]",,,,,,,,,,,2026-08-19 20:33:33,,,f,,,,,,,,,,,,,,,"[search|promoted,search|promoted,search|promoted,search|organic,search|organic,search|organic,search|organic,search|organic,search|organic]",,,,,,,,false,false,false,,,,,,,,,,,,,,,,,,,,,,,,,android,,,,,,,,,,,,"[null,null,null,null,null,null,null,null,null]",,,,,"C0001,C0002,C0003,C0004,gad",0,,0.0,,0.0,,,,,,,,,
favourite_ad_click,Dalvik/2.1.0 (Linux; U; Android 16; SM-A346E Build/BP4A.251205.006),534478899.0,1a01fe59974xb8c3c269                ,18a64e36839xbc847457                ,151,7003,1787242747,2026-08-20,1787242747707,UZ,4.0,,favourite_ad_click,442.0,37.0,44.0,442.0,,,1.0,0,,62468949.0,,,favourite_ad_click,,ad_page,,3.7.4,,2,OZ,8.0,,5.143.6,Android 16.0,9f82569f4bac11cdfcc09f4bdb2a66c74977861bb245493cfac23425d9920887,cbf226cb-e109-4379-8ba4-b6745d6b6cba,,,,,,,,,2.24.4,,true,UYE,,,private,118440759.0,new,55,23,,5,,logged_ciam,19d6cd6e402x716451de                ,,f,,,false,,,/h/android-cee,,,,standard,,2688e37801ee8e16142fcc348ed935fd21a7889967db729479209ff8de4ba8c9,,,,,,26B11CA56E8D8FF5E699639A52081F85bOL3P9FtEYrWPtnX18,1.0.1163,,,,,,,,,,,,,,,,2026-08-20 18:35:27,55.00,,t,,,,1.0,,,,,,,,,,8.00,,,,,,,,,false,false,false,,,,,,,,,,,,,,,,,,,,,,,,,android,,,,,,,,,,,,,,,,,"C0001,C0002,C0003,C0004,gad",0,,,,,,,,,,,,,
keyword_search,Dalvik/2.1.0 (Linux; U; Android 15; 23124RA7EO Build/AQ3A.240829.003),15778936.0,1a01b78f416x127c9607                ,18d42a1f27ex8cf83f29                ,83,17395,1787167471,2026-08-20,1787167463613,UZ,4.0,listing,,1147.0,1.0,1511.0,1147.0,,шота руставели,1.0,0,,,0.0,"[65725922,63404690,59445621,63558806,,65315681,65681015,65332166,64883104,65474596]",listing,,listing,,3.7.4,grid,[1:10],RU,,,5.143.6,Android 15.0,5e3ba732e2df517adf666736966e55d9435da8ba437bee787c8036ec23703663,00000000-0000-0000-0000-000000000000,,,,,,,,,2.24.4,2.0,true,UZS,,,normal,,,,,,5,,logged_ciam,19c603bed11xf5db4f07                ,,f,relevance:desc,,,,,/h/android-cee,,,1C17E312D70EC76F7F0D8ACD83A54965,,,72e0da604132eda0f639ef6521c61d8b1b4220d3ef12924e0b7990d8644f7318,,,,,,F9E57C3A6EEB3FA08A64156C7A01A00BRrnPdfSQ0gAPGhXsA2,1.0.1162,,,,,[],,,,,,,,,,,2026-08-19 20:33:33,,,f,,,,,,,,,,,,,,,"[search|organic,search|organic,search|organic,search|organic,search|organic,search|organic,search|organic,search|organic,search|organic]",,,,,,,,false,false,true,,,,,,,,,,,,,,,,,,,,,,,,,android,,,,,,,,,,,,"[null,null,null,null,null,null,null,null,null]",,,,,"C0001,C0002,C0003,C0004,gad",0,,0.0,,0.0,,,,,,,,,
keyword_search,Dalvik/2.1.0 (Linux; U; Android 15; 23124RA7EO Build/AQ3A.240829.003),15778936.0,1a01b78f416x127c9607                ,18d42a1f27ex8cf83f29                ,39,17395,1787167378,2026-08-20,1787167365164,UZ,4.0,listing,,1147.0,1.0,1511.0,1147.0,,ракат аренда,1.0,73,,,0.0,"[65725922,63404690,59445621,63558806,,65315681,65681015,65332166,64883104,65474596]",listing,,gallery_open,,3.7.4,grid,[1:10],RU,,,5.143.6,Android 15.0,5e3ba732e2df517adf666736966e55d9435da8ba437bee787c8036ec23703663,00000000-0000-0000-0000-000000000000,,,,,,,,,2.24.4,2.0,true,UZS,,,normal,,,,,,5,,logged_ciam,19c603bed11xf5db4f07                ,,f,relevance:desc,,,,,/h/android-cee,,,1C17E312D70EC76F7F0D8ACD83A54965,,,72e0da604132eda0f639ef6521c61d8b1b4220d3ef12924e0b7990d8644f7318,,,,,,F9E57C3A6EEB3FA08A64156C7A01A00BRrnPdfSQ0gAPGhXsA2,1.0.1162,,,,,[],,,,,,,,,,,2026-08-19 20:33:33,,,f,,,,,,,,,,,,,,,"[search|organic,search|organic,search|organic,search|organic,search|organic,search|organic,search|organic,search|organic,search|organic]",,,,,,,,false,false,true,,,,,,,,,,,,,,,,,,,,,,,,,android,,,,,,,,,,,,"[null,null,null,null,null,null,null,null,null]",,,,,"C0001,C0002,C0003,C0004,gad",0,,0.0,,0.0,,,,,,,,,
favourite_ad_click,Dalvik/2.1.0 (Linux; U; Android 16; SM-S908N Build/BP2A.250605.031.A3),22866901.0,1a020279dd4x6e8a11db                ,180b20ebe8fx12ed96d4                ,15,23850,1787245878,2026-08-20,1787245877839,UZ,4.0,,favourite_ad_click,466.0,37.0,38.0,466.0,,qnap,,0,,64546410.0,,,favourite_ad_click,,listing,,3.7.4,,3,RU,1.0,,5.143.6,Android 16.0,55eeadd979a86517ac31f8764eacfe28c12ca6920acf2617d49176e1a036381a,31409330-6ead-471f-a1d5-bbf3623044a8,,,,,,,,,2.24.4,,true,UYE,,,private,539055946.0,new,1000,24,,5,,logged_ciam,1a02027dccax4e86f4f1                ,,f,relevance:desc,,false,,,/h/android-cee,,,09F9A85C58205CF8CC6F653245474BC4,business,,e4e24de1fef07cd58be65a9de8121bf57264e5d273ea7d16614d839fe6010cb6,,,,,,C7EE6C59CAE14579CF5BA72598BA2450xfblNfEiUYnFCGpF8F,1.0.1163,,,,,,,,,,,,,,,,2026-08-20 18:35:27,1000.00,,t,,,,,,,,,,,,,,,,search|organic,,,,,,,false,false,true,,,,,,,,,,,,,,,,,,,,,,,,,android,,,,,,,,,,,,,,,,,"C0001,C0002,C0003,C0004,gad",0,,,,,,,,,,,,,
low_supply_search,Dalvik/2.1.0 (Linux; U; Android 13; 2201116TG Build/TP1A.220624.014),130013586.0,1a01b68b950xf902dab                 ,18967fe681fxc9bd9319                ,207,5375,1787166680,2026-08-20,1787166663626,UZ,92.0,listing,,,,,,,айфон,1.0,6,,,0.0,"[46956597,53616976,57801152,65387821,65373950,59885340,46283542,54006371,65611037,]",listing,[extended_search_extended_distance:9],listing,,3.7.4,grid,[9:18],RU,,,5.143.6,Android 13.0,fc1e26bf12fac1679ef2ec81f4b35895a7da27be4ded4ec1e1a91aea83c2e50b,f416a35f-c663-49e2-8ebc-94b7c2e4c93c,,,,,,,,,2.24.4,1.0,true,UZS,,,private,,,,,,5,,logged_ciam,19decada5f7x18aabd51                ,,f,relevance:desc,,,,,/h/android-cee,,,746EFC233CA35439B1FA7513FF7B79C4,,,4a41c5b7ddc6e1f9f854e56fd39ab2219c321a366f3ceb2a345e739c910e3251,,,,,,25D609BBD6B0149BB95504CC21AFB36Er2XvKb2PKNTgH0noFE,1.0.1156,,,,,[],,,,,,,,,,,2026-08-19 20:33:33,,,f,,,,,,,,,,,,,,,"[search|organic,search|organic,search|organic,search|organic,search|organic,search|organic,search|organic,search|organic,search|organic]",,,,,,,,false,false,false,,,,,,,,,,,,,,,,,,,,,,,,,android,,,,,,,,,,,,"""[extended_search_extended_distance,extended_search_extended_distance,extended_search_extended_distance,extended_search_extended_distance,extended_search_extended_distance,extended_search_extended_distance,extended_search_extended_distance,extended_search_extended_distance,extended_search_extended_distance]""",,,,,"C0001,C0002,C0003,C0004,gad",0,,0.0,,0.0,,,,,,,,,
low_supply_search,Dalvik/2.1.0 (Linux; U; Android 13; M2101K9AG Build/TKQ1.221013.002),,1a01b847620xd51f3f4a                ,18f54a3d127x3278059c                ,14,1514,1787168602,2026-08-20,1787168602404,UZ,,listing,,1891.0,899.0,1433.0,1891.0,,кузикорин уруги,1.0,3,,,,"[44718275,60841175,37019741,]",listing,,listing_home,,3.7.4,list,[1:4],RU,,,5.143.6,Android 13.0,5a573058cfebf5b4cfca83b200828eb231c7fabb6333de4bfc4bf82789ab25b3,908bc602-fc69-4c71-9141-b2765d73ce32,,,,,,,,,2.24.4,1.0,false,UZS,,,private,,,,,,,,unlogged,18f54a3e0dex1ae7fbbd                ,,f,relevance:desc,,,,,/h/android-cee,,,27EC4B91869758AB66DF71FC464238D5,,,470331dcb967d49be60d34a8b4ecc793f0a2b96065be0d2a7fa1c143a3b74295,,,,,,554B9E289FB400068A4E731D6DF5AA0A41zAd0B1WW7TsLJ904,1.0.1161,,,,,[],,,,,,,,,,,2026-08-19 20:33:33,,,t,,,,,,,,,,0,,,,,"[search|organic,search|organic,search|organic]",,,,,,,,false,false,true,,,,,,,,,,,,,,,,,,,,,,,,,android,,,,,,,,,,,,"[null,null,null]",,,,,"C0001,C0002,C0003,C0004,gad",0,,0.0,,0.0,,,,,,,,,
low_supply_search,Dalvik/2.1.0 (Linux; U; Android 13; M2101K9AG Build/TKQ1.221013.002),,1a01b847620xd51f3f4a                ,18f54a3d127x3278059c                ,15,1514,1787168602,2026-08-20,1787168602515,UZ,,listing,,1891.0,899.0,1433.0,1891.0,,кузикорин уруги,1.0,3,,,,"[,58566798,62693260]",listing,[extended_search_extended_category:2],listing,,3.7.4,list,[5:7],RU,,,5.143.6,Android 13.0,5a573058cfebf5b4cfca83b200828eb231c7fabb6333de4bfc4bf82789ab25b3,908bc602-fc69-4c71-9141-b2765d73ce32,,,,,,,,,2.24.4,1.0,false,UZS,,,private,,,,,,,,unlogged,18f54a3e0dex1ae7fbbd                ,,f,relevance:desc,,,,,/h/android-cee,,,A24EEC051202E32B99759B89ACE8AC7F,,,470331dcb967d49be60d34a8b4ecc793f0a2b96065be0d2a7fa1c143a3b74295,,,,,,554B9E289FB400068A4E731D6DF5AA0A41zAd0B1WW7TsLJ904,1.0.1161,,,,,[],,,,,,,,,,,2026-08-19 20:33:33,,,t,,,,,,,,,,0,,,,,"[search|organic,search|organic]",,,,,,,,false,false,true,,,,,,,,,,,,,,,,,,,,,,,,,android,,,,,,,,,,,,"""[extended_search_extended_category,extended_search_extended_category]""",,,,,"C0001,C0002,C0003,C0004,gad",0,,0.0,,0.0,,,,,,,,,
low_supply_search,Dalvik/2.1.0 (Linux; U; Android 13; 2201116TG Build/TP1A.220624.014),130013586.0,1a01b68b950xf902dab                 ,18967fe681fxc9bd9319                ,206,5375,1787166663,2026-08-20,1787166663140,UZ,92.0,listing,,,,,,,айфон,1.0,6,,,0.0,"[64971277,63241798,64599587,59718228,,52698466,50160548,]",listing,,listing_home,,3.7.4,grid,[1:8],RU,,,5.143.6,Android 13.0,fc1e26bf12fac1679ef2ec81f4b35895a7da27be4ded4ec1e1a91aea83c2e50b,f416a35f-c663-49e2-8ebc-94b7c2e4c93c,,,,,,,,,2.24.4,1.0,true,UZS,,,private,,,,,,5,,logged_ciam,19decada5f7x18aabd51                ,,f,relevance:desc,,,,,/h/android-cee,,,8E75AF6C810CBC69CB087465BF185CEB,,,4a41c5b7ddc6e1f9f854e56fd39ab2219c321a366f3ceb2a345e739c910e3251,,,,,,25D609BBD6B0149BB95504CC21AFB36Er2XvKb2PKNTgH0noFE,1.0.1156,,,,,[],,,,,,,,,,,2026-08-19 20:33:33,,,f,,,,,,,,,,,,,,,"[search|organic,search|organic,search|organic,search|organic,search|organic,search|organic]",,,,,,,,false,false,false,,,,,,,,,,,,,,,,,,,,,,,,,android,,,,,,,,,,,,"[null,null,null,null,null,null]",,,,,"C0001,C0002,C0003,C0004,gad",0,,0.0,,0.0,,,,,,,,,
